,t-statistics,p-values
prompts sentiment,0.435454276075212,0.6650355144463989
generations sentiment,0.013087262807070576,0.9896082716125802
generations length,0.03736273366907168,0.9703408747794742
generations ttr,-1.3756151214902772,0.1749194893156478
